sample_id;prediction
131672_1767670500;93.476084
131672_1767670800;156.659579
131672_1767671100;198.759447
131672_1767671400;169.326866
134040_1767672000;80.259718
134040_1767672300;99.944917
134040_1767672600;112.677900
134040_1767672900;62.886326
134040_1767673200;116.252641
134040_1767673500;145.372778
122048_1767673800;48.781554
122048_1767674100;18.147318
122048_1767674400;-11.463852
122048_1767674700;-55.941083
122048_1767675000;-45.621874
122048_1767675300;-50.840408
131672_1767675600;-7.213261
131672_1767675900;2.834631
131672_1767676200;6.565671
131672_1767676500;11.473813
131672_1767676800;14.052387
131672_1767677100;11.471350
122658_1767679500;32.924537
122658_1767679800;82.591302
122658_1767680100;96.981755
122658_1767680400;109.054104
122658_1767680700;91.064725
134040_1767684600;47.812276
130238_1767684600;45.261375
130238_1767684900;52.861892
134040_1767684900;15.522232
134040_1767685200;93.456774
130238_1767685200;34.186004
134040_1767685500;124.190620
130238_1767685500;55.269034
134040_1767685800;128.337300
130238_1767685800;57.242685
130238_1767686100;46.478763
134040_1767686100;93.756602
122658_1767686400;-20.850941
122658_1767686700;2.645462
122658_1767687000;-2.037691
122658_1767687300;16.943178
122658_1767687600;50.877758
122658_1767687900;101.193985
122613_1767690000;59.101323
122613_1767690300;65.540419
122613_1767690600;49.162997
122613_1767690900;62.223270
122613_1767691200;34.448706
122613_1767691500;39.437353
122048_1767695400;-84.076557
122048_1767695700;-71.398835
122048_1767696000;-14.733424
122048_1767696300;38.168036
122048_1767696600;-27.123866
122048_1767696900;-138.754187
133300_1767699000;15.293475
122048_1767699000;-170.198836
133300_1767699300;44.093198
122048_1767699300;-173.910331
122048_1767699600;-148.460127
133300_1767699600;94.606632
122048_1767699900;-65.289705
133300_1767699900;69.881459
122048_1767700200;73.034726
133300_1767700200;80.078908
122048_1767700500;241.699331
133300_1767700500;75.473560
133957_1767700800;29.676607
133957_1767701100;105.018488
133957_1767701400;79.435452
133957_1767701700;79.771812
133957_1767702000;81.961435
133957_1767702300;50.948313
129964_1767702600;-6.340395
129964_1767702900;-66.765806
129964_1767703200;-14.717951
129964_1767703500;-55.257794
129964_1767704100;-111.079750
122658_1767706200;14.655145
122658_1767706500;3.939336
122658_1767706800;-2.243784
122658_1767707100;12.141206
122658_1767707400;-4.639374
131672_1767709800;72.985539
122048_1767709800;-65.583950
131672_1767710100;-30.336261
122048_1767710100;-35.493389
131672_1767710400;-54.738478
122048_1767710400;8.336573
122048_1767710700;-13.542865
131672_1767710700;-34.306775
131672_1767711000;-43.432402
122048_1767711000;41.716240
122048_1767711300;-14.167892
131672_1767711300;-48.460850
132430_1767713400;210.269546
133300_1767713400;-23.386790
132430_1767713700;272.632632
133300_1767713700;21.540737
133300_1767714000;38.162804
132430_1767714000;255.841245
132430_1767714300;216.967298
133300_1767714600;-35.616048
132430_1767714600;296.148645
132430_1767714900;305.693321
133300_1767714900;1.314255
122048_1767717000;-2.164619
122048_1767717300;1.821000
122048_1767717600;-10.808697
122613_1767718800;24.915436
132430_1767720000;42.585424
132430_1767720300;79.469168
131672_1767722400;107.943984
131672_1767722700;114.035331
131672_1767723000;197.531390
131672_1767723300;298.278044
131672_1767723600;268.152585
131672_1767723900;323.090168
133957_1767724200;120.080725
132430_1767727800;235.114346
132430_1767728100;260.844360
132430_1767728400;202.442443
132430_1767728700;290.346852
132430_1767729000;161.704070
132430_1767729300;124.717178
122048_1767731400;-20.530259
122048_1767731700;5.430131
122048_1767732000;5.329787
122048_1767732300;13.296782
122048_1767732600;-9.526026
122048_1767732900;0.843269
134040_1767733200;244.412313
134040_1767733500;276.634043
134040_1767733800;384.208014
134040_1767734100;422.341805
134040_1767734400;408.306810
134040_1767734700;326.890566
130072_1767736800;-27.212992
130072_1767737100;-8.433160
130072_1767737400;-16.173535
130072_1767737700;-0.905351
130072_1767738000;-9.453704
130072_1767738300;-6.842941
130072_1767742200;21.975816
130072_1767742500;5.533610
130072_1767742800;11.976937
130072_1767743100;13.342361
130072_1767743400;10.552599
130072_1767743700;-7.064432
